Site_ID,Site_Name,Region,Site_Type
1,Site 01,North,Research Center
2,Site 02,North,Hospital
3,Site 03,South,Research Center
4,Site 04,West,Academic
5,Site 05,North,Hospital
6,Site 06,North,Hospital
7,Site 07,West,Hospital
8,Site 08,West,Academic
9,Site 09,North,Hospital
10,Site 10,East,Research Center
11,Site 11,North,Hospital
12,Site 12,East,Academic
13,Site 13,North,Academic
14,Site 14,North,Hospital
15,Site 15,East,Hospital
16,Site 16,East,Academic
17,Site 17,North,Hospital
18,Site 18,North,Hospital
19,Site 19,East,Hospital
20,Site 20,North,Hospital
21,Site 21,North,Research Center
22,Site 22,South,Research Center
23,Site 23,North,Academic
24,Site 24,West,Academic
25,Site 25,East,Hospital
26,Site 26,East,Research Center
27,Site 27,North,Hospital
28,Site 28,North,Hospital
29,Site 29,South,Academic
30,Site 30,East,Academic
31,Site 31,South,Hospital
32,Site 32,West,Academic
33,Site 33,South,Research Center
34,Site 34,North,Hospital
35,Site 35,West,Research Center
36,Site 36,South,Hospital
37,Site 37,North,Academic
38,Site 38,North,Research Center
39,Site 39,North,Academic
40,Site 40,West,Research Center
